scenario,message_size,invocation_rate,invocation_index,end_to_end_latency_ms,publisher_processing_latency_ms
Large Message (0.1 rps),large,0.1_rps,1,560.3059999999999,9.848
Large Message (0.1 rps),large,0.1_rps,2,499.328,8.549
Large Message (0.1 rps),large,0.1_rps,3,493.78,9.546000000000001
Large Message (0.1 rps),large,0.1_rps,4,566.104,9.214
Large Message (0.1 rps),large,0.1_rps,5,578.067,9.475000000000001
Large Message (0.1 rps),large,0.1_rps,6,482.29,9.835
Large Message (0.1 rps),large,0.1_rps,7,580.773,9.874
Large Message (0.1 rps),large,0.1_rps,8,510.425,9.199
Large Message (0.1 rps),large,0.1_rps,9,493.373,9.953999999999999
Large Message (0.1 rps),large,0.1_rps,10,498.031,8.774000000000001
Large Message (0.1 rps),large,0.1_rps,11,489.133,8.501
Large Message (0.1 rps),large,0.1_rps,12,472.538,9.067
Large Message (0.1 rps),large,0.1_rps,13,185.24599999999998,9.764
Large Message (0.1 rps),large,0.1_rps,14,543.8100000000001,9.45
Large Message (0.1 rps),large,0.1_rps,15,478.412,9.848
Large Message (0.1 rps),large,0.1_rps,16,558.807,9.273
Large Message (0.1 rps),large,0.1_rps,17,490.672,8.243
Large Message (0.1 rps),large,0.1_rps,18,484.751,8.857000000000001
Large Message (0.1 rps),large,0.1_rps,19,501.80800000000005,8.514000000000001
Large Message (0.1 rps),large,0.1_rps,20,564.361,9.197000000000001
Large Message (0.1 rps),large,0.1_rps,21,509.443,9.344999999999999
Large Message (0.1 rps),large,0.1_rps,22,483.047,9.371
Large Message (0.1 rps),large,0.1_rps,23,547.968,9.242
Large Message (0.1 rps),large,0.1_rps,24,538.9300000000001,9.449000000000002
Large Message (0.1 rps),large,0.1_rps,25,592.785,14.618
Large Message (0.1 rps),large,0.1_rps,26,485.716,9.688
Large Message (0.1 rps),large,0.1_rps,27,490.581,8.873000000000001
Large Message (0.1 rps),large,0.1_rps,28,484.631,9.0
Large Message (0.1 rps),large,0.1_rps,29,490.695,14.049000000000001
Large Message (0.1 rps),large,0.1_rps,30,479.328,9.042
Large Message (0.1 rps),large,0.1_rps,31,489.551,9.775
Large Message (0.1 rps),large,0.1_rps,32,484.88,9.598
Large Message (0.1 rps),large,0.1_rps,33,487.281,10.432
Large Message (0.1 rps),large,0.1_rps,34,479.106,8.962
Large Message (0.1 rps),large,0.1_rps,35,592.428,9.586
Large Message (0.1 rps),large,0.1_rps,36,477.034,8.843
Large Message (0.1 rps),large,0.1_rps,37,548.365,8.113999999999999
Large Message (0.1 rps),large,0.1_rps,38,557.021,9.03
Large Message (0.1 rps),large,0.1_rps,39,538.384,8.68
Large Message (0.1 rps),large,0.1_rps,40,558.0169999999999,8.923
Large Message (0.1 rps),large,0.1_rps,41,573.84,9.027999999999999
Large Message (0.1 rps),large,0.1_rps,42,467.415,12.062
Large Message (0.1 rps),large,0.1_rps,43,493.097,9.669
Large Message (0.1 rps),large,0.1_rps,44,492.185,8.443000000000001
Large Message (0.1 rps),large,0.1_rps,45,479.49,8.944
Large Message (0.1 rps),large,0.1_rps,46,488.14000000000004,8.798
Large Message (0.1 rps),large,0.1_rps,47,517.1790000000001,8.59
Large Message (0.1 rps),large,0.1_rps,48,562.859,9.394
Large Message (0.1 rps),large,0.1_rps,49,488.104,9.542
Large Message (0.1 rps),large,0.1_rps,50,489.833,9.036000000000001
Large Message (0.1 rps),large,0.1_rps,51,551.487,9.048
Large Message (0.1 rps),large,0.1_rps,52,476.96,7.809
Large Message (0.1 rps),large,0.1_rps,53,493.986,8.248
Large Message (0.1 rps),large,0.1_rps,54,481.274,8.42
Large Message (0.1 rps),large,0.1_rps,55,550.712,13.703999999999999
Large Message (0.1 rps),large,0.1_rps,56,464.40500000000003,9.603
Large Message (0.1 rps),large,0.1_rps,57,561.893,9.186
Large Message (0.1 rps),large,0.1_rps,58,482.78,9.311
Large Message (0.1 rps),large,0.1_rps,59,572.4390000000001,8.667
Large Message (0.1 rps),large,0.1_rps,60,497.205,9.469
Large Message (0.1 rps),large,0.1_rps,61,563.871,8.103000000000002
Large Message (0.1 rps),large,0.1_rps,62,572.4010000000001,8.123999999999999
Large Message (0.1 rps),large,0.1_rps,63,600.46,8.534999999999998
Large Message (0.1 rps),large,0.1_rps,64,487.131,5.917000000000001
Large Message (0.1 rps),large,0.1_rps,65,492.255,8.149
Large Message (0.1 rps),large,0.1_rps,66,574.57,6.577999999999999
Large Message (0.1 rps),large,0.1_rps,67,543.678,8.932
Large Message (0.1 rps),large,0.1_rps,68,605.39,9.125
Large Message (0.1 rps),large,0.1_rps,69,557.474,9.605
Large Message (0.1 rps),large,0.1_rps,70,549.847,8.881
Large Message (0.1 rps),large,0.1_rps,71,488.094,9.589
Large Message (0.1 rps),large,0.1_rps,72,576.395,9.229
Large Message (0.1 rps),large,0.1_rps,73,570.596,9.339
Large Message (0.1 rps),large,0.1_rps,74,491.942,9.213000000000001
Large Message (0.1 rps),large,0.1_rps,75,565.698,10.024
Large Message (0.1 rps),large,0.1_rps,76,603.1800000000001,8.652
Large Message (0.1 rps),large,0.1_rps,77,482.25,9.270999999999999
Large Message (0.1 rps),large,0.1_rps,78,483.506,9.043000000000001
Large Message (0.1 rps),large,0.1_rps,79,583.784,8.489
Large Message (0.1 rps),large,0.1_rps,80,574.441,9.391
Large Message (0.1 rps),large,0.1_rps,81,497.289,9.28
Large Message (0.1 rps),large,0.1_rps,82,559.17,9.558
Large Message (0.1 rps),large,0.1_rps,83,475.149,8.424
Large Message (0.1 rps),large,0.1_rps,84,598.749,9.488999999999999
Large Message (0.1 rps),large,0.1_rps,85,489.52299999999997,9.762
Large Message (0.1 rps),large,0.1_rps,86,484.358,9.149
Large Message (0.1 rps),large,0.1_rps,87,501.305,9.225999999999999
Large Message (0.1 rps),large,0.1_rps,88,505.281,9.409
Large Message (0.1 rps),large,0.1_rps,89,477.34,9.045
Large Message (0.1 rps),large,0.1_rps,90,572.233,9.084
Large Message (0.1 rps),large,0.1_rps,91,576.697,8.446
Large Message (0.1 rps),large,0.1_rps,92,488.75,9.732
Large Message (0.1 rps),large,0.1_rps,93,499.395,9.181999999999999
Large Message (0.1 rps),large,0.1_rps,94,555.012,8.836
Large Message (0.1 rps),large,0.1_rps,95,486.858,9.221
Large Message (0.1 rps),large,0.1_rps,96,484.99199999999996,8.847000000000001
Large Message (0.1 rps),large,0.1_rps,97,475.54400000000004,8.429
Large Message (0.1 rps),large,0.1_rps,98,541.106,11.606
Large Message (0.1 rps),large,0.1_rps,99,476.252,8.687000000000001
Large Message (0.1 rps),large,0.1_rps,100,530.31,8.139000000000001
Large Message (0.1 rps),large,0.1_rps,101,500.18700000000007,9.106
Large Message (0.1 rps),large,0.1_rps,102,486.068,9.201
Large Message (0.1 rps),large,0.1_rps,103,558.176,10.203999999999999
Large Message (0.1 rps),large,0.1_rps,104,582.9929999999999,9.802999999999999
Large Message (0.1 rps),large,0.1_rps,105,559.601,9.216999999999999
Large Message (0.1 rps),large,0.1_rps,106,491.182,8.755
Large Message (0.1 rps),large,0.1_rps,107,493.329,9.703
Large Message (0.1 rps),large,0.1_rps,108,491.402,8.843
Large Message (0.1 rps),large,0.1_rps,109,494.00300000000004,8.005999999999998
Large Message (0.1 rps),large,0.1_rps,110,516.232,9.026
Large Message (0.1 rps),large,0.1_rps,111,506.03900000000004,8.952
Large Message (0.1 rps),large,0.1_rps,112,562.2629999999999,9.331000000000001
Large Message (0.1 rps),large,0.1_rps,113,489.53000000000003,12.875
Large Message (0.1 rps),large,0.1_rps,114,558.554,8.352
Large Message (0.1 rps),large,0.1_rps,115,547.0509999999999,8.847000000000001
Large Message (0.1 rps),large,0.1_rps,116,491.887,8.654
Large Message (0.1 rps),large,0.1_rps,117,488.185,9.299999999999999
Large Message (0.1 rps),large,0.1_rps,118,561.195,8.944
Large Message (0.1 rps),large,0.1_rps,119,624.084,12.671999999999999
Large Message (0.1 rps),large,0.1_rps,120,631.225,9.104
Large Message (0.1 rps),large,0.1_rps,121,547.2230000000001,8.26
Large Message (0.1 rps),large,0.1_rps,122,508.63000000000005,9.149
Large Message (0.1 rps),large,0.1_rps,123,538.289,9.492
Large Message (0.1 rps),large,0.1_rps,124,7852.76,9.221
Large Message (0.1 rps),large,0.1_rps,125,492.665,9.327
Large Message (0.1 rps),large,0.1_rps,126,493.46000000000004,9.821
Large Message (0.1 rps),large,0.1_rps,127,574.182,8.206
Large Message (0.1 rps),large,0.1_rps,128,544.4369999999999,10.769
Large Message (0.1 rps),large,0.1_rps,129,566.3249999999999,10.168999999999999
Large Message (0.1 rps),large,0.1_rps,130,480.976,9.459
Large Message (0.1 rps),large,0.1_rps,131,548.87,9.289
Large Message (0.1 rps),large,0.1_rps,132,540.944,8.972000000000001
Large Message (0.1 rps),large,0.1_rps,133,598.686,9.379999999999999
Large Message (0.1 rps),large,0.1_rps,134,572.272,8.353
Large Message (0.1 rps),large,0.1_rps,135,576.941,9.386999999999999
Large Message (0.1 rps),large,0.1_rps,136,559.755,9.897
Large Message (0.1 rps),large,0.1_rps,137,483.471,9.385
Large Message (0.1 rps),large,0.1_rps,138,482.584,8.556
Large Message (0.1 rps),large,0.1_rps,139,495.867,8.501999999999999
Large Message (0.1 rps),large,0.1_rps,140,470.114,10.721
Large Message (0.1 rps),large,0.1_rps,141,505.412,8.801
Large Message (0.1 rps),large,0.1_rps,142,550.612,8.95
Large Message (0.1 rps),large,0.1_rps,143,637.3290000000001,10.433
Large Message (0.1 rps),large,0.1_rps,144,602.9839999999999,9.207
Large Message (0.1 rps),large,0.1_rps,145,483.29299999999995,8.485
Large Message (0.1 rps),large,0.1_rps,146,553.483,10.078
Large Message (0.1 rps),large,0.1_rps,147,505.406,8.799
Large Message (0.1 rps),large,0.1_rps,148,642.989,8.923
Large Message (0.1 rps),large,0.1_rps,149,538.726,9.106
Large Message (0.1 rps),large,0.1_rps,150,489.836,9.303
Large Message (0.1 rps),large,0.1_rps,151,492.97,9.212
Large Message (0.1 rps),large,0.1_rps,152,543.31,9.375
Large Message (0.1 rps),large,0.1_rps,153,590.511,8.631
Large Message (0.1 rps),large,0.1_rps,154,494.021,9.347
Large Message (0.1 rps),large,0.1_rps,155,580.347,10.764
Large Message (0.1 rps),large,0.1_rps,156,481.23,10.257
Large Message (0.1 rps),large,0.1_rps,157,494.614,7.941
Large Message (0.1 rps),large,0.1_rps,158,565.986,9.174
Large Message (0.1 rps),large,0.1_rps,159,491.673,9.343
Large Message (0.1 rps),large,0.1_rps,160,497.539,9.285
Large Message (0.1 rps),large,0.1_rps,161,575.985,9.186
Large Message (0.1 rps),large,0.1_rps,162,504.609,9.633
Large Message (0.1 rps),large,0.1_rps,163,626.516,9.742
Large Message (0.1 rps),large,0.1_rps,164,563.1519999999999,8.302999999999999
Large Message (0.1 rps),large,0.1_rps,165,538.627,8.784
Large Message (0.1 rps),large,0.1_rps,166,489.979,9.289
Large Message (0.1 rps),large,0.1_rps,167,492.268,8.735
Large Message (0.1 rps),large,0.1_rps,168,477.104,9.625
Large Message (0.1 rps),large,0.1_rps,169,560.902,8.954
Large Message (0.1 rps),large,0.1_rps,170,553.751,9.435
Large Message (0.1 rps),large,0.1_rps,171,598.5859999999999,8.387
Large Message (0.1 rps),large,0.1_rps,172,563.55,9.360999999999999
Large Message (0.1 rps),large,0.1_rps,173,490.344,9.126999999999999
Large Message (0.1 rps),large,0.1_rps,174,505.74300000000005,9.684
Large Message (0.1 rps),large,0.1_rps,175,588.191,9.223
Large Message (0.1 rps),large,0.1_rps,176,496.70399999999995,9.147
Large Message (0.1 rps),large,0.1_rps,177,481.741,9.219
Large Message (0.1 rps),large,0.1_rps,178,579.7909999999999,9.155
Large Message (0.1 rps),large,0.1_rps,179,635.579,16.479
Large Message (0.1 rps),large,0.1_rps,180,574.2080000000001,9.816
Large Message (0.1 rps),large,0.1_rps,181,490.697,9.341000000000001
Large Message (0.1 rps),large,0.1_rps,182,550.274,7.969
Large Message (0.1 rps),large,0.1_rps,183,485.98400000000004,8.319
Large Message (0.1 rps),large,0.1_rps,184,492.62,9.325999999999999
Large Message (0.1 rps),large,0.1_rps,185,552.008,7.835
Large Message (0.1 rps),large,0.1_rps,186,572.1129999999999,9.167
Large Message (0.1 rps),large,0.1_rps,187,483.054,9.069
Large Message (0.1 rps),large,0.1_rps,188,503.26899999999995,9.401
Large Message (0.1 rps),large,0.1_rps,189,477.025,8.888
Large Message (0.1 rps),large,0.1_rps,190,498.997,8.907
Large Message (0.1 rps),large,0.1_rps,191,597.0210000000001,9.609
Large Message (0.1 rps),large,0.1_rps,192,564.41,8.959
Large Message (0.1 rps),large,0.1_rps,193,561.455,9.176
Large Message (0.1 rps),large,0.1_rps,194,603.485,9.736
Large Message (0.1 rps),large,0.1_rps,195,590.622,8.938
Large Message (0.1 rps),large,0.1_rps,196,549.7220000000001,8.905
Large Message (0.1 rps),large,0.1_rps,197,565.489,8.574
Large Message (0.1 rps),large,0.1_rps,198,483.891,8.812000000000001
Large Message (0.1 rps),large,0.1_rps,199,551.7429999999999,8.781
Large Message (0.1 rps),large,0.1_rps,200,597.193,8.133
Large Message (0.1 rps),large,0.1_rps,201,500.42600000000004,9.584
Large Message (0.1 rps),large,0.1_rps,202,596.688,23.947
Large Message (0.1 rps),large,0.1_rps,203,566.154,8.607
Large Message (0.1 rps),large,0.1_rps,204,477.194,9.417
Large Message (0.1 rps),large,0.1_rps,205,494.779,9.487
Large Message (0.1 rps),large,0.1_rps,206,581.1809999999999,8.247000000000002
Large Message (0.1 rps),large,0.1_rps,207,591.486,9.216000000000001
Large Message (0.1 rps),large,0.1_rps,208,528.3919999999999,9.093
Large Message (0.1 rps),large,0.1_rps,209,491.616,8.64
Large Message (0.1 rps),large,0.1_rps,210,572.861,9.039
Large Message (0.1 rps),large,0.1_rps,211,570.538,9.344999999999999
Large Message (0.1 rps),large,0.1_rps,212,549.053,8.392
Large Message (0.1 rps),large,0.1_rps,213,489.505,9.706
Large Message (0.1 rps),large,0.1_rps,214,474.856,9.225000000000001
Large Message (0.1 rps),large,0.1_rps,215,492.86999999999995,9.471
Large Message (0.1 rps),large,0.1_rps,216,602.822,8.286
Large Message (0.1 rps),large,0.1_rps,217,487.18,9.366
Large Message (0.1 rps),large,0.1_rps,218,563.025,9.162999999999998
Large Message (0.1 rps),large,0.1_rps,219,571.822,11.32
Large Message (0.1 rps),large,0.1_rps,220,491.741,9.51
Large Message (0.1 rps),large,0.1_rps,221,563.0319999999999,11.22
Large Message (0.1 rps),large,0.1_rps,222,553.8380000000001,8.827
Large Message (0.1 rps),large,0.1_rps,223,549.545,9.291
Large Message (0.1 rps),large,0.1_rps,224,501.08399999999995,9.392
Large Message (0.1 rps),large,0.1_rps,225,477.45500000000004,9.350000000000001
Large Message (0.1 rps),large,0.1_rps,226,541.918,9.097
Large Message (0.1 rps),large,0.1_rps,227,607.2429999999999,8.683
Large Message (0.1 rps),large,0.1_rps,228,499.308,9.374
Large Message (0.1 rps),large,0.1_rps,229,554.4670000000001,9.116000000000001
Large Message (0.1 rps),large,0.1_rps,230,535.5060000000001,8.62
Large Message (0.1 rps),large,0.1_rps,231,496.651,8.894
Large Message (0.1 rps),large,0.1_rps,232,639.379,9.377999999999998
Large Message (0.1 rps),large,0.1_rps,233,628.678,9.593
Large Message (0.1 rps),large,0.1_rps,234,630.006,8.327
Large Message (0.1 rps),large,0.1_rps,235,537.689,9.549
Large Message (0.1 rps),large,0.1_rps,236,572.726,13.209
Large Message (0.1 rps),large,0.1_rps,237,487.986,9.359
Large Message (0.1 rps),large,0.1_rps,238,481.706,9.368
Large Message (0.1 rps),large,0.1_rps,239,498.467,9.165
Large Message (0.1 rps),large,0.1_rps,240,493.32300000000004,9.439
Large Message (0.1 rps),large,0.1_rps,241,632.27,9.543
Large Message (0.1 rps),large,0.1_rps,242,574.889,8.71
Large Message (0.1 rps),large,0.1_rps,243,548.925,8.203999999999999
Large Message (0.1 rps),large,0.1_rps,244,601.5749999999999,9.339
Large Message (0.1 rps),large,0.1_rps,245,330.48199999999997,8.197
Large Message (0.1 rps),large,0.1_rps,246,497.727,8.155000000000001
Large Message (0.1 rps),large,0.1_rps,247,581.04,9.06
Large Message (0.1 rps),large,0.1_rps,248,491.743,9.535
Large Message (0.1 rps),large,0.1_rps,249,563.342,7.965
Large Message (0.1 rps),large,0.1_rps,250,484.27500000000003,8.147
Large Message (5 rps),large,5_rps,1,499.64599999999996,12.368
Large Message (5 rps),large,5_rps,2,492.15500000000003,12.222999999999999
Large Message (5 rps),large,5_rps,3,479.457,13.102
Large Message (5 rps),large,5_rps,4,545.5360000000001,12.465
Large Message (5 rps),large,5_rps,5,492.262,12.551
Large Message (5 rps),large,5_rps,6,555.941,9.247
Large Message (5 rps),large,5_rps,7,598.598,8.352
Large Message (5 rps),large,5_rps,8,485.201,8.17
Large Message (5 rps),large,5_rps,9,483.022,8.533000000000001
Large Message (5 rps),large,5_rps,10,569.345,9.22
Large Message (5 rps),large,5_rps,11,619.358,9.15
Large Message (5 rps),large,5_rps,12,494.755,8.551
Large Message (5 rps),large,5_rps,13,572.061,9.243
Large Message (5 rps),large,5_rps,14,595.56,11.601
Large Message (5 rps),large,5_rps,15,484.442,8.228
Large Message (5 rps),large,5_rps,16,475.51,9.306999999999999
Large Message (5 rps),large,5_rps,17,464.932,9.225000000000001
Large Message (5 rps),large,5_rps,18,485.88599999999997,9.344
Large Message (5 rps),large,5_rps,19,573.863,8.333
Large Message (5 rps),large,5_rps,20,489.234,8.822999999999999
Large Message (5 rps),large,5_rps,21,7574.529,9.233
Large Message (5 rps),large,5_rps,22,475.366,9.231
Large Message (5 rps),large,5_rps,23,538.3449999999999,9.207999999999998
Large Message (5 rps),large,5_rps,24,546.2040000000001,8.233
Large Message (5 rps),large,5_rps,25,549.162,8.203999999999999
Large Message (5 rps),large,5_rps,26,546.175,9.174
Large Message (5 rps),large,5_rps,27,493.053,9.162
Large Message (5 rps),large,5_rps,28,484.834,9.266
Large Message (5 rps),large,5_rps,29,489.471,8.471
Large Message (5 rps),large,5_rps,30,471.337,8.522
Large Message (5 rps),large,5_rps,31,552.939,9.302
Large Message (5 rps),large,5_rps,32,486.514,8.351
Large Message (5 rps),large,5_rps,33,484.628,9.924000000000001
Large Message (5 rps),large,5_rps,34,542.269,9.27
Large Message (5 rps),large,5_rps,35,583.803,9.712
Large Message (5 rps),large,5_rps,36,566.217,8.379
Large Message (5 rps),large,5_rps,37,477.13,9.565000000000001
Large Message (5 rps),large,5_rps,38,546.826,7.787999999999999
Large Message (5 rps),large,5_rps,39,541.1949999999999,9.575999999999999
Large Message (5 rps),large,5_rps,40,564.352,9.053
Large Message (5 rps),large,5_rps,41,552.095,9.629
Large Message (5 rps),large,5_rps,42,475.685,8.616999999999999
Large Message (5 rps),large,5_rps,43,487.52299999999997,8.766
Large Message (5 rps),large,5_rps,44,479.233,10.373000000000001
Large Message (5 rps),large,5_rps,45,582.289,9.268
Large Message (5 rps),large,5_rps,46,484.769,9.530999999999999
Large Message (5 rps),large,5_rps,47,490.03799999999995,9.716000000000001
Large Message (5 rps),large,5_rps,48,547.001,8.852
Large Message (5 rps),large,5_rps,49,572.7189999999999,8.343
Large Message (5 rps),large,5_rps,50,503.4920000000001,9.292
Large Message (5 rps),large,5_rps,51,549.1819999999999,9.41
Large Message (5 rps),large,5_rps,52,570.232,9.299999999999999
Large Message (5 rps),large,5_rps,53,569.145,9.652000000000001
Large Message (5 rps),large,5_rps,54,600.635,12.777000000000001
Large Message (5 rps),large,5_rps,55,493.172,8.427999999999999
Large Message (5 rps),large,5_rps,56,7329.623,12.531
Large Message (5 rps),large,5_rps,57,480.87800000000004,9.795
Large Message (5 rps),large,5_rps,58,572.858,9.449000000000002
Large Message (5 rps),large,5_rps,59,494.908,8.827
Large Message (5 rps),large,5_rps,60,503.78599999999994,12.302999999999999
Large Message (5 rps),large,5_rps,61,484.41,8.317
Large Message (5 rps),large,5_rps,62,537.2719999999999,8.308
Large Message (5 rps),large,5_rps,63,493.997,8.212
Large Message (5 rps),large,5_rps,64,482.12899999999996,8.222
Large Message (5 rps),large,5_rps,65,484.96299999999997,13.94
Large Message (5 rps),large,5_rps,66,540.756,8.579
Large Message (5 rps),large,5_rps,67,566.177,8.517
Large Message (5 rps),large,5_rps,68,569.933,9.22
Large Message (5 rps),large,5_rps,69,558.1890000000001,9.195
Large Message (5 rps),large,5_rps,70,495.5,8.623000000000001
Large Message (5 rps),large,5_rps,71,548.2900000000001,8.435
Large Message (5 rps),large,5_rps,72,473.94599999999997,8.465
Large Message (5 rps),large,5_rps,73,552.823,9.275
Large Message (5 rps),large,5_rps,74,480.12899999999996,9.693999999999999
Large Message (5 rps),large,5_rps,75,567.5219999999999,9.484
Large Message (5 rps),large,5_rps,76,555.434,9.424999999999999
Large Message (5 rps),large,5_rps,77,545.419,9.41
Large Message (5 rps),large,5_rps,78,552.805,8.95
Large Message (5 rps),large,5_rps,79,503.72499999999997,9.530999999999999
Large Message (5 rps),large,5_rps,80,577.174,8.469000000000001
Large Message (5 rps),large,5_rps,81,496.072,9.306
Large Message (5 rps),large,5_rps,82,556.538,8.328000000000001
Large Message (5 rps),large,5_rps,83,565.3470000000001,7.819
Large Message (5 rps),large,5_rps,84,555.428,8.921999999999999
Large Message (5 rps),large,5_rps,85,576.613,9.269
Large Message (5 rps),large,5_rps,86,493.105,8.69
Large Message (5 rps),large,5_rps,87,480.502,10.551
Large Message (5 rps),large,5_rps,88,571.6,8.449
Large Message (5 rps),large,5_rps,89,603.93,9.412
Large Message (5 rps),large,5_rps,90,554.942,8.429
Large Message (5 rps),large,5_rps,91,556.725,8.944
Large Message (5 rps),large,5_rps,92,546.528,9.315999999999999
Large Message (5 rps),large,5_rps,93,536.852,8.304
Large Message (5 rps),large,5_rps,94,554.2470000000001,9.198
Large Message (5 rps),large,5_rps,95,543.885,9.306
Large Message (5 rps),large,5_rps,96,480.07,9.097
Large Message (5 rps),large,5_rps,97,472.709,9.318999999999999
Large Message (5 rps),large,5_rps,98,549.156,9.894
Large Message (5 rps),large,5_rps,99,547.351,9.306999999999999
Large Message (5 rps),large,5_rps,100,557.238,9.360999999999999
Large Message (5 rps),large,5_rps,101,488.125,8.326
Large Message (5 rps),large,5_rps,102,482.103,12.828000000000001
Large Message (5 rps),large,5_rps,103,495.851,9.876
Large Message (5 rps),large,5_rps,104,627.22,8.512
Large Message (5 rps),large,5_rps,105,551.438,8.183
Large Message (5 rps),large,5_rps,106,494.47,9.544
Large Message (5 rps),large,5_rps,107,478.606,9.628
Large Message (5 rps),large,5_rps,108,487.419,9.001999999999999
Large Message (5 rps),large,5_rps,109,481.251,9.423
Large Message (5 rps),large,5_rps,110,486.528,10.814
Large Message (5 rps),large,5_rps,111,598.367,9.211
Large Message (5 rps),large,5_rps,112,483.133,9.521999999999998
Large Message (5 rps),large,5_rps,113,545.884,9.369
Large Message (5 rps),large,5_rps,114,497.976,9.59
Large Message (5 rps),large,5_rps,115,559.374,8.579
Large Message (5 rps),large,5_rps,116,7561.372,8.827
Large Message (5 rps),large,5_rps,117,495.879,12.69
Large Message (5 rps),large,5_rps,118,486.41200000000003,10.68
Large Message (5 rps),large,5_rps,119,475.88000000000005,8.551
Large Message (5 rps),large,5_rps,120,490.936,8.432
Large Message (5 rps),large,5_rps,121,532.181,9.747
Large Message (5 rps),large,5_rps,122,578.6,9.521
Large Message (5 rps),large,5_rps,123,546.534,10.199
Large Message (5 rps),large,5_rps,124,566.8149999999999,8.869
Large Message (5 rps),large,5_rps,125,574.942,9.184
Large Message (5 rps),large,5_rps,126,542.334,9.303
Large Message (5 rps),large,5_rps,127,482.65400000000005,8.324
Large Message (5 rps),large,5_rps,128,480.38100000000003,8.738
Large Message (5 rps),large,5_rps,129,477.879,10.468
Large Message (5 rps),large,5_rps,130,555.9190000000001,9.207999999999998
Large Message (5 rps),large,5_rps,131,489.865,12.597999999999999
Large Message (5 rps),large,5_rps,132,580.893,9.813
Large Message (5 rps),large,5_rps,133,475.60400000000004,9.190999999999999
Large Message (5 rps),large,5_rps,134,497.634,9.523
Large Message (5 rps),large,5_rps,135,495.166,9.158
Large Message (5 rps),large,5_rps,136,548.925,9.863999999999999
Large Message (5 rps),large,5_rps,137,552.626,8.17
Large Message (5 rps),large,5_rps,138,489.196,9.176
Large Message (5 rps),large,5_rps,139,503.56500000000005,9.483
Large Message (5 rps),large,5_rps,140,552.855,9.386999999999999
Large Message (5 rps),large,5_rps,141,496.682,10.086
Large Message (5 rps),large,5_rps,142,481.635,8.435
Large Message (5 rps),large,5_rps,143,490.977,9.655999999999999
Large Message (5 rps),large,5_rps,144,625.78,9.37
Large Message (5 rps),large,5_rps,145,621.968,8.312999999999999
Large Message (5 rps),large,5_rps,146,476.299,9.357000000000001
Large Message (5 rps),large,5_rps,147,498.832,8.302999999999999
Large Message (5 rps),large,5_rps,148,542.5609999999999,8.238999999999999
Large Message (5 rps),large,5_rps,149,552.41,9.129
Large Message (5 rps),large,5_rps,150,556.2669999999999,8.267
Large Message (5 rps),large,5_rps,151,552.519,8.312
Large Message (5 rps),large,5_rps,152,542.316,9.232000000000001
Large Message (5 rps),large,5_rps,153,482.99399999999997,7.896
Large Message (5 rps),large,5_rps,154,620.765,9.919
Large Message (5 rps),large,5_rps,155,546.361,9.303
Large Message (5 rps),large,5_rps,156,571.2620000000001,8.747
Large Message (5 rps),large,5_rps,157,574.827,8.225
Large Message (5 rps),large,5_rps,158,552.187,8.683
Large Message (5 rps),large,5_rps,159,488.50100000000003,8.264000000000001
Large Message (5 rps),large,5_rps,160,576.422,9.136
Large Message (5 rps),large,5_rps,161,540.3580000000001,8.257
Large Message (5 rps),large,5_rps,162,574.458,8.233
Large Message (5 rps),large,5_rps,163,475.041,9.01
Large Message (5 rps),large,5_rps,164,546.902,9.037999999999998
Large Message (5 rps),large,5_rps,165,545.704,8.357
Large Message (5 rps),large,5_rps,166,565.191,9.613
Large Message (5 rps),large,5_rps,167,486.87399999999997,8.336
Large Message (5 rps),large,5_rps,168,551.226,8.094000000000001
Large Message (5 rps),large,5_rps,169,570.523,7.877000000000001
Large Message (5 rps),large,5_rps,170,484.555,9.249
Large Message (5 rps),large,5_rps,171,569.044,9.503
Large Message (5 rps),large,5_rps,172,482.914,8.055
Large Message (5 rps),large,5_rps,173,472.144,9.365
Large Message (5 rps),large,5_rps,174,475.145,9.089
Large Message (5 rps),large,5_rps,175,492.23699999999997,9.494000000000002
Large Message (5 rps),large,5_rps,176,546.115,8.936
Large Message (5 rps),large,5_rps,177,471.688,9.171999999999999
Large Message (5 rps),large,5_rps,178,552.375,8.298
Large Message (5 rps),large,5_rps,179,554.378,9.508000000000001
Large Message (5 rps),large,5_rps,180,487.44100000000003,9.267
Large Message (5 rps),large,5_rps,181,577.395,9.384
Large Message (5 rps),large,5_rps,182,568.629,8.743
Large Message (5 rps),large,5_rps,183,560.465,8.606000000000002
Large Message (5 rps),large,5_rps,184,496.27900000000005,8.328999999999999
Large Message (5 rps),large,5_rps,185,488.042,9.372
Large Message (5 rps),large,5_rps,186,499.858,9.157
Large Message (5 rps),large,5_rps,187,482.921,10.07
Large Message (5 rps),large,5_rps,188,477.91299999999995,9.198
Large Message (5 rps),large,5_rps,189,487.68,7.965
Large Message (5 rps),large,5_rps,190,495.558,8.756
Large Message (5 rps),large,5_rps,191,480.879,8.822
Large Message (5 rps),large,5_rps,192,491.318,8.818
Large Message (5 rps),large,5_rps,193,497.51099999999997,9.123
Large Message (5 rps),large,5_rps,194,583.638,9.149
Large Message (5 rps),large,5_rps,195,502.26400000000007,8.879
Large Message (5 rps),large,5_rps,196,501.564,9.617
Large Message (5 rps),large,5_rps,197,570.3209999999999,12.040000000000001
Large Message (5 rps),large,5_rps,198,567.8530000000001,8.64
Large Message (5 rps),large,5_rps,199,482.451,8.434000000000001
Large Message (5 rps),large,5_rps,200,570.53,9.753
Large Message (5 rps),large,5_rps,201,499.27700000000004,10.216
Large Message (5 rps),large,5_rps,202,564.913,8.668000000000001
Large Message (5 rps),large,5_rps,203,549.647,8.767000000000001
Large Message (5 rps),large,5_rps,204,499.26,8.47
Large Message (5 rps),large,5_rps,205,487.084,8.286999999999999
Large Message (5 rps),large,5_rps,206,561.7560000000001,9.469999999999999
Large Message (5 rps),large,5_rps,207,559.315,7.991
Large Message (5 rps),large,5_rps,208,482.89,9.296000000000001
Large Message (5 rps),large,5_rps,209,507.15500000000003,12.731
Large Message (5 rps),large,5_rps,210,644.773,8.193000000000001
Large Message (5 rps),large,5_rps,211,494.26,8.318000000000001
Large Message (5 rps),large,5_rps,212,551.917,9.19
Large Message (5 rps),large,5_rps,213,462.187,9.329
Large Message (5 rps),large,5_rps,214,557.275,8.468
Large Message (5 rps),large,5_rps,215,624.972,5.51
Large Message (5 rps),large,5_rps,216,491.444,8.652999999999999
Large Message (5 rps),large,5_rps,217,493.736,7.707000000000001
Large Message (5 rps),large,5_rps,218,496.685,9.299999999999999
Large Message (5 rps),large,5_rps,219,482.567,9.256
Large Message (5 rps),large,5_rps,220,523.115,9.753
Large Message (5 rps),large,5_rps,221,609.506,9.314
Large Message (5 rps),large,5_rps,222,495.849,8.898
Large Message (5 rps),large,5_rps,223,527.354,8.565
Large Message (5 rps),large,5_rps,224,579.6759999999999,10.38
Large Message (5 rps),large,5_rps,225,582.748,9.988
Large Message (5 rps),large,5_rps,226,557.775,10.996
Large Message (5 rps),large,5_rps,227,488.225,10.72
Large Message (5 rps),large,5_rps,228,568.613,12.052
Large Message (5 rps),large,5_rps,229,568.681,9.971
Large Message (5 rps),large,5_rps,230,646.7389999999999,8.489999999999998
Large Message (5 rps),large,5_rps,231,582.236,9.358
Large Message (5 rps),large,5_rps,232,560.924,8.406
Large Message (5 rps),large,5_rps,233,628.2379999999999,8.286
Large Message (5 rps),large,5_rps,234,556.6990000000001,9.503
Large Message (5 rps),large,5_rps,235,628.709,9.299999999999999
Large Message (5 rps),large,5_rps,236,473.449,8.571
Large Message (5 rps),large,5_rps,237,568.012,9.288
Large Message (5 rps),large,5_rps,238,485.568,8.691
Large Message (5 rps),large,5_rps,239,547.748,9.440000000000001
Large Message (5 rps),large,5_rps,240,638.942,9.427
Large Message (5 rps),large,5_rps,241,556.892,9.652000000000001
Large Message (5 rps),large,5_rps,242,486.73499999999996,9.508000000000001
Large Message (5 rps),large,5_rps,243,493.081,8.383
Large Message (5 rps),large,5_rps,244,541.48,8.433
Large Message (5 rps),large,5_rps,245,496.791,9.072999999999999
Large Message (5 rps),large,5_rps,246,548.353,9.529
Large Message (5 rps),large,5_rps,247,551.164,7.97
Large Message (5 rps),large,5_rps,248,553.256,9.417
Large Message (5 rps),large,5_rps,249,581.4970000000001,8.363000000000001
Large Message (5 rps),large,5_rps,250,577.056,9.08
Small Message (0.1 rps),small,0.1_rps,1,108.299,5.6049999999999995
Small Message (0.1 rps),small,0.1_rps,2,103.333,5.71
Small Message (0.1 rps),small,0.1_rps,3,104.589,5.832999999999999
Small Message (0.1 rps),small,0.1_rps,4,102.872,6.211
Small Message (0.1 rps),small,0.1_rps,5,106.08099999999999,6.061000000000001
Small Message (0.1 rps),small,0.1_rps,6,112.361,5.813
Small Message (0.1 rps),small,0.1_rps,7,105.642,6.308
Small Message (0.1 rps),small,0.1_rps,8,107.886,6.1850000000000005
Small Message (0.1 rps),small,0.1_rps,9,105.975,6.961
Small Message (0.1 rps),small,0.1_rps,10,103.749,6.055
Small Message (0.1 rps),small,0.1_rps,11,107.086,5.674
Small Message (0.1 rps),small,0.1_rps,12,111.38000000000001,5.814
Small Message (0.1 rps),small,0.1_rps,13,108.37299999999999,5.517
Small Message (0.1 rps),small,0.1_rps,14,105.79299999999999,6.229
Small Message (0.1 rps),small,0.1_rps,15,105.066,15.233
Small Message (0.1 rps),small,0.1_rps,16,105.783,5.832000000000001
Small Message (0.1 rps),small,0.1_rps,17,109.142,5.6930000000000005
Small Message (0.1 rps),small,0.1_rps,18,104.07600000000001,5.630999999999999
Small Message (0.1 rps),small,0.1_rps,19,105.48,5.814
Small Message (0.1 rps),small,0.1_rps,20,102.446,5.939
Small Message (0.1 rps),small,0.1_rps,21,96.48700000000001,6.039
Small Message (0.1 rps),small,0.1_rps,22,103.833,6.103
Small Message (0.1 rps),small,0.1_rps,23,104.80000000000001,6.101
Small Message (0.1 rps),small,0.1_rps,24,102.77699999999999,5.915
Small Message (0.1 rps),small,0.1_rps,25,103.377,6.125
Small Message (0.1 rps),small,0.1_rps,26,114.346,5.439
Small Message (0.1 rps),small,0.1_rps,27,103.47099999999999,5.575
Small Message (0.1 rps),small,0.1_rps,28,113.91900000000001,7.4
Small Message (0.1 rps),small,0.1_rps,29,105.173,5.707
Small Message (0.1 rps),small,0.1_rps,30,104.085,5.67
Small Message (0.1 rps),small,0.1_rps,31,100.62599999999999,5.113
Small Message (0.1 rps),small,0.1_rps,32,107.66199999999999,5.844
Small Message (0.1 rps),small,0.1_rps,33,101.62599999999999,10.834999999999999
Small Message (0.1 rps),small,0.1_rps,34,108.987,5.763
Small Message (0.1 rps),small,0.1_rps,35,103.771,5.679
Small Message (0.1 rps),small,0.1_rps,36,103.01,5.649
Small Message (0.1 rps),small,0.1_rps,37,103.745,18.511
Small Message (0.1 rps),small,0.1_rps,38,103.363,5.867
Small Message (0.1 rps),small,0.1_rps,39,105.131,5.71
Small Message (0.1 rps),small,0.1_rps,40,106.128,5.385
Small Message (0.1 rps),small,0.1_rps,41,105.738,5.765000000000001
Small Message (0.1 rps),small,0.1_rps,42,108.23,6.013
Small Message (0.1 rps),small,0.1_rps,43,100.507,5.321000000000001
Small Message (0.1 rps),small,0.1_rps,44,100.92099999999999,6.266
Small Message (0.1 rps),small,0.1_rps,45,106.911,5.798
Small Message (0.1 rps),small,0.1_rps,46,100.94300000000001,6.138
Small Message (0.1 rps),small,0.1_rps,47,102.28800000000001,6.149
Small Message (0.1 rps),small,0.1_rps,48,104.82,16.271
Small Message (0.1 rps),small,0.1_rps,49,107.28699999999999,5.678
Small Message (0.1 rps),small,0.1_rps,50,103.284,6.281
Small Message (0.1 rps),small,0.1_rps,51,108.837,6.228
Small Message (0.1 rps),small,0.1_rps,52,116.076,11.39
Small Message (0.1 rps),small,0.1_rps,53,106.634,14.015
Small Message (0.1 rps),small,0.1_rps,54,115.26899999999999,13.395000000000001
Small Message (0.1 rps),small,0.1_rps,55,104.785,6.001
Small Message (0.1 rps),small,0.1_rps,56,104.568,8.411999999999999
Small Message (0.1 rps),small,0.1_rps,57,115.09,5.4559999999999995
Small Message (0.1 rps),small,0.1_rps,58,104.785,5.993
Small Message (0.1 rps),small,0.1_rps,59,112.372,8.618
Small Message (0.1 rps),small,0.1_rps,60,101.904,5.746
Small Message (0.1 rps),small,0.1_rps,61,101.37400000000001,5.745
Small Message (0.1 rps),small,0.1_rps,62,100.93199999999999,5.773000000000001
Small Message (0.1 rps),small,0.1_rps,63,105.931,5.3709999999999996
Small Message (0.1 rps),small,0.1_rps,64,105.47800000000001,5.949000000000001
Small Message (0.1 rps),small,0.1_rps,65,101.31,6.265
Small Message (0.1 rps),small,0.1_rps,66,99.834,2.926
Small Message (0.1 rps),small,0.1_rps,67,106.905,5.78
Small Message (0.1 rps),small,0.1_rps,68,114.25399999999999,4.162
Small Message (0.1 rps),small,0.1_rps,69,101.865,6.001
Small Message (0.1 rps),small,0.1_rps,70,104.99300000000001,14.224
Small Message (0.1 rps),small,0.1_rps,71,103.84599999999999,6.0889999999999995
Small Message (0.1 rps),small,0.1_rps,72,102.76299999999999,5.838
Small Message (0.1 rps),small,0.1_rps,73,107.627,5.645
Small Message (0.1 rps),small,0.1_rps,74,103.275,5.845000000000001
Small Message (0.1 rps),small,0.1_rps,75,100.678,5.776
Small Message (0.1 rps),small,0.1_rps,76,106.157,5.9430000000000005
Small Message (0.1 rps),small,0.1_rps,77,102.576,12.802
Small Message (0.1 rps),small,0.1_rps,78,105.98100000000001,5.97
Small Message (0.1 rps),small,0.1_rps,79,103.82600000000001,5.767
Small Message (0.1 rps),small,0.1_rps,80,101.337,6.357
Small Message (0.1 rps),small,0.1_rps,81,102.15599999999999,5.961
Small Message (0.1 rps),small,0.1_rps,82,106.09,5.3790000000000004
Small Message (0.1 rps),small,0.1_rps,83,97.355,6.077
Small Message (0.1 rps),small,0.1_rps,84,100.961,16.672
Small Message (0.1 rps),small,0.1_rps,85,103.78099999999999,6.318
Small Message (0.1 rps),small,0.1_rps,86,116.155,5.9639999999999995
Small Message (0.1 rps),small,0.1_rps,87,102.684,15.868
Small Message (0.1 rps),small,0.1_rps,88,116.191,10.078
Small Message (0.1 rps),small,0.1_rps,89,201.421,6.112
Small Message (0.1 rps),small,0.1_rps,90,106.102,8.919
Small Message (0.1 rps),small,0.1_rps,91,105.158,15.061
Small Message (0.1 rps),small,0.1_rps,92,108.07799999999999,17.763
Small Message (0.1 rps),small,0.1_rps,93,118.313,8.475999999999999
Small Message (0.1 rps),small,0.1_rps,94,108.355,5.687
Small Message (0.1 rps),small,0.1_rps,95,106.37,5.632
Small Message (0.1 rps),small,0.1_rps,96,104.1,5.835
Small Message (0.1 rps),small,0.1_rps,97,103.832,5.78
Small Message (0.1 rps),small,0.1_rps,98,107.688,5.718
Small Message (0.1 rps),small,0.1_rps,99,103.39800000000001,5.316000000000001
Small Message (0.1 rps),small,0.1_rps,100,108.489,5.961
Small Message (0.1 rps),small,0.1_rps,101,108.824,5.802
Small Message (0.1 rps),small,0.1_rps,102,110.33,6.303
Small Message (0.1 rps),small,0.1_rps,103,106.85300000000001,5.832999999999999
Small Message (0.1 rps),small,0.1_rps,104,102.879,5.77
Small Message (0.1 rps),small,0.1_rps,105,107.943,10.267999999999999
Small Message (0.1 rps),small,0.1_rps,106,103.59500000000001,6.172000000000001
Small Message (0.1 rps),small,0.1_rps,107,106.271,6.4
Small Message (0.1 rps),small,0.1_rps,108,103.107,11.756
Small Message (0.1 rps),small,0.1_rps,109,110.17399999999999,5.369
Small Message (0.1 rps),small,0.1_rps,110,102.78800000000001,13.448
Small Message (0.1 rps),small,0.1_rps,111,105.234,5.894
Small Message (0.1 rps),small,0.1_rps,112,106.70599999999999,12.123
Small Message (0.1 rps),small,0.1_rps,113,108.492,18.548
Small Message (0.1 rps),small,0.1_rps,114,105.88300000000001,5.759
Small Message (0.1 rps),small,0.1_rps,115,108.71000000000001,5.694
Small Message (0.1 rps),small,0.1_rps,116,105.34,5.838
Small Message (0.1 rps),small,0.1_rps,117,106.59299999999999,8.65
Small Message (0.1 rps),small,0.1_rps,118,107.57799999999999,5.867
Small Message (0.1 rps),small,0.1_rps,119,107.347,5.502
Small Message (0.1 rps),small,0.1_rps,120,107.274,6.723
Small Message (0.1 rps),small,0.1_rps,121,113.084,5.736
Small Message (0.1 rps),small,0.1_rps,122,114.093,6.482
Small Message (0.1 rps),small,0.1_rps,123,105.174,5.612
Small Message (0.1 rps),small,0.1_rps,124,111.185,5.569
Small Message (0.1 rps),small,0.1_rps,125,104.52,5.382
Small Message (0.1 rps),small,0.1_rps,126,102.493,5.899
Small Message (0.1 rps),small,0.1_rps,127,108.044,5.914
Small Message (0.1 rps),small,0.1_rps,128,108.44,5.872999999999999
Small Message (0.1 rps),small,0.1_rps,129,107.74000000000001,6.286
Small Message (0.1 rps),small,0.1_rps,130,108.869,10.056000000000001
Small Message (0.1 rps),small,0.1_rps,131,114.744,5.965
Small Message (0.1 rps),small,0.1_rps,132,119.468,6.054
Small Message (0.1 rps),small,0.1_rps,133,104.285,6.018
Small Message (0.1 rps),small,0.1_rps,134,100.456,6.105
Small Message (0.1 rps),small,0.1_rps,135,104.284,8.73
Small Message (0.1 rps),small,0.1_rps,136,108.67999999999999,5.579
Small Message (0.1 rps),small,0.1_rps,137,108.334,8.364999999999998
Small Message (0.1 rps),small,0.1_rps,138,105.801,5.651
Small Message (0.1 rps),small,0.1_rps,139,107.545,6.138
Small Message (0.1 rps),small,0.1_rps,140,105.932,6.211
Small Message (0.1 rps),small,0.1_rps,141,115.745,6.031
Small Message (0.1 rps),small,0.1_rps,142,106.348,6.15
Small Message (0.1 rps),small,0.1_rps,143,109.57000000000001,6.311
Small Message (0.1 rps),small,0.1_rps,144,107.132,12.082
Small Message (0.1 rps),small,0.1_rps,145,104.333,5.7780000000000005
Small Message (0.1 rps),small,0.1_rps,146,104.034,6.175
Small Message (0.1 rps),small,0.1_rps,147,106.696,6.054
Small Message (0.1 rps),small,0.1_rps,148,103.33,5.292
Small Message (0.1 rps),small,0.1_rps,149,103.49,13.226999999999999
Small Message (0.1 rps),small,0.1_rps,150,114.2,5.802
Small Message (0.1 rps),small,0.1_rps,151,101.95899999999999,5.5329999999999995
Small Message (0.1 rps),small,0.1_rps,152,107.981,6.127
Small Message (0.1 rps),small,0.1_rps,153,104.005,5.804
Small Message (0.1 rps),small,0.1_rps,154,105.755,6.2170000000000005
Small Message (0.1 rps),small,0.1_rps,155,116.825,18.646
Small Message (0.1 rps),small,0.1_rps,156,115.542,6.864
Small Message (0.1 rps),small,0.1_rps,157,102.446,14.577
Small Message (0.1 rps),small,0.1_rps,158,102.98,5.897
Small Message (0.1 rps),small,0.1_rps,159,105.61099999999999,5.652
Small Message (0.1 rps),small,0.1_rps,160,104.714,6.216
Small Message (0.1 rps),small,0.1_rps,161,104.042,6.181
Small Message (0.1 rps),small,0.1_rps,162,102.498,6.029999999999999
Small Message (0.1 rps),small,0.1_rps,163,105.014,11.563
Small Message (0.1 rps),small,0.1_rps,164,115.233,13.901
Small Message (0.1 rps),small,0.1_rps,165,102.299,12.798
Small Message (0.1 rps),small,0.1_rps,166,102.218,5.897
Small Message (0.1 rps),small,0.1_rps,167,99.975,5.38
Small Message (0.1 rps),small,0.1_rps,168,105.34599999999999,6.1209999999999996
Small Message (0.1 rps),small,0.1_rps,169,107.622,5.458
Small Message (0.1 rps),small,0.1_rps,170,109.56,6.143
Small Message (0.1 rps),small,0.1_rps,171,99.466,4.404
Small Message (0.1 rps),small,0.1_rps,172,103.537,6.337
Small Message (0.1 rps),small,0.1_rps,173,105.755,6.218
Small Message (0.1 rps),small,0.1_rps,174,102.108,5.446000000000001
Small Message (0.1 rps),small,0.1_rps,175,106.22800000000001,12.888
Small Message (0.1 rps),small,0.1_rps,176,107.764,6.182
Small Message (0.1 rps),small,0.1_rps,177,144.633,6.649
Small Message (0.1 rps),small,0.1_rps,178,105.377,5.982
Small Message (0.1 rps),small,0.1_rps,179,105.012,6.002999999999999
Small Message (0.1 rps),small,0.1_rps,180,108.516,5.492
Small Message (0.1 rps),small,0.1_rps,181,104.197,5.489
Small Message (0.1 rps),small,0.1_rps,182,103.64,18.321
Small Message (0.1 rps),small,0.1_rps,183,102.846,6.155
Small Message (0.1 rps),small,0.1_rps,184,107.925,5.673
Small Message (0.1 rps),small,0.1_rps,185,101.288,10.889
Small Message (0.1 rps),small,0.1_rps,186,114.032,12.825
Small Message (0.1 rps),small,0.1_rps,187,102.821,6.113
Small Message (0.1 rps),small,0.1_rps,188,100.966,5.327
Small Message (0.1 rps),small,0.1_rps,189,105.592,6.2589999999999995
Small Message (0.1 rps),small,0.1_rps,190,109.054,5.581
Small Message (0.1 rps),small,0.1_rps,191,99.501,5.969
Small Message (0.1 rps),small,0.1_rps,192,102.79299999999999,6.309
Small Message (0.1 rps),small,0.1_rps,193,101.256,9.196
Small Message (0.1 rps),small,0.1_rps,194,103.48599999999999,6.318
Small Message (0.1 rps),small,0.1_rps,195,104.968,15.056999999999999
Small Message (0.1 rps),small,0.1_rps,196,105.234,5.725
Small Message (0.1 rps),small,0.1_rps,197,105.374,6.083
Small Message (0.1 rps),small,0.1_rps,198,104.21900000000001,6.013
Small Message (0.1 rps),small,0.1_rps,199,102.074,5.492
Small Message (0.1 rps),small,0.1_rps,200,107.247,6.26
Small Message (0.1 rps),small,0.1_rps,201,103.53999999999999,10.543999999999999
Small Message (0.1 rps),small,0.1_rps,202,102.032,5.664
Small Message (0.1 rps),small,0.1_rps,203,100.603,6.024
Small Message (0.1 rps),small,0.1_rps,204,103.897,6.283
Small Message (0.1 rps),small,0.1_rps,205,100.45700000000001,10.216
Small Message (0.1 rps),small,0.1_rps,206,102.67,9.623
Small Message (0.1 rps),small,0.1_rps,207,106.337,5.635000000000001
Small Message (0.1 rps),small,0.1_rps,208,105.96300000000001,12.631
Small Message (0.1 rps),small,0.1_rps,209,98.702,16.53
Small Message (0.1 rps),small,0.1_rps,210,104.727,5.542
Small Message (0.1 rps),small,0.1_rps,211,105.504,6.055
Small Message (0.1 rps),small,0.1_rps,212,101.777,5.338
Small Message (0.1 rps),small,0.1_rps,213,106.196,5.857
Small Message (0.1 rps),small,0.1_rps,214,103.629,5.94
Small Message (0.1 rps),small,0.1_rps,215,102.95400000000001,13.411
Small Message (0.1 rps),small,0.1_rps,216,104.521,6.025
Small Message (0.1 rps),small,0.1_rps,217,103.76199999999999,4.589
Small Message (0.1 rps),small,0.1_rps,218,102.948,6.34
Small Message (0.1 rps),small,0.1_rps,219,105.464,6.144
Small Message (0.1 rps),small,0.1_rps,220,107.298,5.301
Small Message (0.1 rps),small,0.1_rps,221,105.49,6.443
Small Message (0.1 rps),small,0.1_rps,222,109.298,5.993
Small Message (0.1 rps),small,0.1_rps,223,107.399,6.131
Small Message (0.1 rps),small,0.1_rps,224,103.38799999999999,5.993
Small Message (0.1 rps),small,0.1_rps,225,108.276,6.099
Small Message (0.1 rps),small,0.1_rps,226,108.704,6.053
Small Message (0.1 rps),small,0.1_rps,227,102.603,17.215
Small Message (0.1 rps),small,0.1_rps,228,103.63300000000001,5.9430000000000005
Small Message (0.1 rps),small,0.1_rps,229,105.412,5.724
Small Message (0.1 rps),small,0.1_rps,230,106.284,18.775
Small Message (0.1 rps),small,0.1_rps,231,110.57000000000001,5.599
Small Message (0.1 rps),small,0.1_rps,232,103.172,5.675000000000001
Small Message (0.1 rps),small,0.1_rps,233,104.151,5.577999999999999
Small Message (0.1 rps),small,0.1_rps,234,105.316,6.146000000000001
Small Message (0.1 rps),small,0.1_rps,235,106.67699999999999,5.431
Small Message (0.1 rps),small,0.1_rps,236,103.432,6.692
Small Message (0.1 rps),small,0.1_rps,237,104.321,14.815
Small Message (0.1 rps),small,0.1_rps,238,105.59,5.549
Small Message (0.1 rps),small,0.1_rps,239,108.74000000000001,6.466
Small Message (0.1 rps),small,0.1_rps,240,107.95,5.634
Small Message (0.1 rps),small,0.1_rps,241,102.258,5.871
Small Message (0.1 rps),small,0.1_rps,242,118.416,6.235
Small Message (0.1 rps),small,0.1_rps,243,106.899,12.544
Small Message (0.1 rps),small,0.1_rps,244,104.78899999999999,5.783
Small Message (0.1 rps),small,0.1_rps,245,104.92500000000001,5.971
Small Message (0.1 rps),small,0.1_rps,246,108.061,5.3420000000000005
Small Message (0.1 rps),small,0.1_rps,247,103.06700000000001,13.589
Small Message (0.1 rps),small,0.1_rps,248,105.408,14.279
Small Message (0.1 rps),small,0.1_rps,249,105.518,17.832
Small Message (0.1 rps),small,0.1_rps,250,104.604,5.887
Small Message (5 rps),small,5_rps,1,217.948,6.125
Small Message (5 rps),small,5_rps,2,244.064,7.204999999999999
Small Message (5 rps),small,5_rps,3,250.106,7.296
Small Message (5 rps),small,5_rps,4,230.00799999999998,11.292
Small Message (5 rps),small,5_rps,5,173.55499999999998,7.078
Small Message (5 rps),small,5_rps,6,108.396,6.4079999999999995
Small Message (5 rps),small,5_rps,7,111.623,5.503
Small Message (5 rps),small,5_rps,8,116.15,5.7860000000000005
Small Message (5 rps),small,5_rps,9,107.30099999999999,6.311
Small Message (5 rps),small,5_rps,10,109.053,5.8950000000000005
Small Message (5 rps),small,5_rps,11,101.1,6.518000000000001
Small Message (5 rps),small,5_rps,12,91.14800000000001,6.109
Small Message (5 rps),small,5_rps,13,105.682,6.114
Small Message (5 rps),small,5_rps,14,104.63600000000001,5.837
Small Message (5 rps),small,5_rps,15,104.131,6.063
Small Message (5 rps),small,5_rps,16,102.19300000000001,5.959
Small Message (5 rps),small,5_rps,17,105.98,6.004
Small Message (5 rps),small,5_rps,18,114.45700000000001,5.354
Small Message (5 rps),small,5_rps,19,105.582,6.065
Small Message (5 rps),small,5_rps,20,104.551,6.199
Small Message (5 rps),small,5_rps,21,107.147,6.031
Small Message (5 rps),small,5_rps,22,103.394,6.136
Small Message (5 rps),small,5_rps,23,102.69399999999999,5.795
Small Message (5 rps),small,5_rps,24,102.784,18.945
Small Message (5 rps),small,5_rps,25,106.647,5.482
Small Message (5 rps),small,5_rps,26,106.072,5.542
Small Message (5 rps),small,5_rps,27,108.309,5.691
Small Message (5 rps),small,5_rps,28,105.934,5.891
Small Message (5 rps),small,5_rps,29,107.438,6.557
Small Message (5 rps),small,5_rps,30,121.08800000000001,5.5
Small Message (5 rps),small,5_rps,31,136.774,6.01
Small Message (5 rps),small,5_rps,32,108.355,7.0489999999999995
Small Message (5 rps),small,5_rps,33,108.07300000000001,5.68
Small Message (5 rps),small,5_rps,34,105.031,7.803
Small Message (5 rps),small,5_rps,35,125.274,6.921
Small Message (5 rps),small,5_rps,36,103.868,5.538
Small Message (5 rps),small,5_rps,37,106.61,6.328
Small Message (5 rps),small,5_rps,38,102.32,6.3759999999999994
Small Message (5 rps),small,5_rps,39,108.737,6.029
Small Message (5 rps),small,5_rps,40,113.538,6.285
Small Message (5 rps),small,5_rps,41,104.259,5.827
Small Message (5 rps),small,5_rps,42,108.431,6.2620000000000005
Small Message (5 rps),small,5_rps,43,103.309,6.0569999999999995
Small Message (5 rps),small,5_rps,44,102.306,6.173
Small Message (5 rps),small,5_rps,45,105.828,5.547
Small Message (5 rps),small,5_rps,46,107.66499999999999,6.218999999999999
Small Message (5 rps),small,5_rps,47,106.098,6.516
Small Message (5 rps),small,5_rps,48,107.563,2.882
Small Message (5 rps),small,5_rps,49,106.476,5.515
Small Message (5 rps),small,5_rps,50,114.06700000000001,4.08
Small Message (5 rps),small,5_rps,51,102.017,5.396
Small Message (5 rps),small,5_rps,52,104.31,5.723
Small Message (5 rps),small,5_rps,53,101.088,2.0100000000000002
Small Message (5 rps),small,5_rps,54,101.987,5.649
Small Message (5 rps),small,5_rps,55,105.319,6.275
Small Message (5 rps),small,5_rps,56,105.01599999999999,5.809
Small Message (5 rps),small,5_rps,57,104.93900000000001,6.144
Small Message (5 rps),small,5_rps,58,106.211,5.753
Small Message (5 rps),small,5_rps,59,104.639,5.865
Small Message (5 rps),small,5_rps,60,102.892,5.814
Small Message (5 rps),small,5_rps,61,104.66799999999999,6.242
Small Message (5 rps),small,5_rps,62,103.182,6.285
Small Message (5 rps),small,5_rps,63,103.38300000000001,5.5729999999999995
Small Message (5 rps),small,5_rps,64,104.475,5.838
Small Message (5 rps),small,5_rps,65,104.255,5.597
Small Message (5 rps),small,5_rps,66,105.33800000000001,6.004
Small Message (5 rps),small,5_rps,67,103.722,18.13
Small Message (5 rps),small,5_rps,68,105.693,6.244000000000001
Small Message (5 rps),small,5_rps,69,102.73,6.159000000000001
Small Message (5 rps),small,5_rps,70,104.82600000000001,4.487
Small Message (5 rps),small,5_rps,71,111.529,6.118
Small Message (5 rps),small,5_rps,72,102.953,5.944999999999999
Small Message (5 rps),small,5_rps,73,104.239,5.812
Small Message (5 rps),small,5_rps,74,102.536,5.930000000000001
Small Message (5 rps),small,5_rps,75,104.41,5.796
Small Message (5 rps),small,5_rps,76,113.071,5.961
Small Message (5 rps),small,5_rps,77,105.709,5.949000000000001
Small Message (5 rps),small,5_rps,78,104.725,5.085
Small Message (5 rps),small,5_rps,79,103.09599999999999,5.2940000000000005
Small Message (5 rps),small,5_rps,80,102.16,5.8
Small Message (5 rps),small,5_rps,81,104.953,5.33
Small Message (5 rps),small,5_rps,82,105.809,9.955
Small Message (5 rps),small,5_rps,83,115.244,6.055
Small Message (5 rps),small,5_rps,84,103.70500000000001,6.091
Small Message (5 rps),small,5_rps,85,104.798,6.316999999999999
Small Message (5 rps),small,5_rps,86,112.05,5.998
Small Message (5 rps),small,5_rps,87,105.291,5.95
Small Message (5 rps),small,5_rps,88,182.698,6.314
Small Message (5 rps),small,5_rps,89,106.134,6.099
Small Message (5 rps),small,5_rps,90,102.399,6.01
Small Message (5 rps),small,5_rps,91,101.55699999999999,6.1419999999999995
Small Message (5 rps),small,5_rps,92,102.601,6.146000000000001
Small Message (5 rps),small,5_rps,93,101.217,5.966
Small Message (5 rps),small,5_rps,94,111.277,5.648000000000001
Small Message (5 rps),small,5_rps,95,99.896,5.5360000000000005
Small Message (5 rps),small,5_rps,96,102.712,5.32
Small Message (5 rps),small,5_rps,97,103.70100000000001,5.394
Small Message (5 rps),small,5_rps,98,105.62100000000001,6.169
Small Message (5 rps),small,5_rps,99,103.80399999999999,5.814
Small Message (5 rps),small,5_rps,100,104.187,5.958
Small Message (5 rps),small,5_rps,101,107.41000000000001,5.802
Small Message (5 rps),small,5_rps,102,106.429,5.842
Small Message (5 rps),small,5_rps,103,106.42500000000001,5.9719999999999995
Small Message (5 rps),small,5_rps,104,99.435,2.12
Small Message (5 rps),small,5_rps,105,100.365,5.852
Small Message (5 rps),small,5_rps,106,108.25999999999999,6.0809999999999995
Small Message (5 rps),small,5_rps,107,104.785,6.24
Small Message (5 rps),small,5_rps,108,105.33099999999999,5.981
Small Message (5 rps),small,5_rps,109,105.67500000000001,6.275
Small Message (5 rps),small,5_rps,110,105.06500000000001,5.737
Small Message (5 rps),small,5_rps,111,105.60300000000001,5.5409999999999995
Small Message (5 rps),small,5_rps,112,108.236,5.438
Small Message (5 rps),small,5_rps,113,104.614,6.117
Small Message (5 rps),small,5_rps,114,105.834,5.6499999999999995
Small Message (5 rps),small,5_rps,115,106.786,18.331
Small Message (5 rps),small,5_rps,116,111.332,5.853
Small Message (5 rps),small,5_rps,117,104.27,5.805000000000001
Small Message (5 rps),small,5_rps,118,105.959,6.585999999999999
Small Message (5 rps),small,5_rps,119,104.834,5.622
Small Message (5 rps),small,5_rps,120,102.798,6.103
Small Message (5 rps),small,5_rps,121,103.48400000000001,6.043
Small Message (5 rps),small,5_rps,122,104.85600000000001,6.037
Small Message (5 rps),small,5_rps,123,104.488,5.513
Small Message (5 rps),small,5_rps,124,104.63,6.05
Small Message (5 rps),small,5_rps,125,106.682,5.56
Small Message (5 rps),small,5_rps,126,106.597,5.662000000000001
Small Message (5 rps),small,5_rps,127,101.947,6.3229999999999995
Small Message (5 rps),small,5_rps,128,105.482,5.4559999999999995
Small Message (5 rps),small,5_rps,129,105.25800000000001,5.373
Small Message (5 rps),small,5_rps,130,106.411,5.579
Small Message (5 rps),small,5_rps,131,104.339,5.713
Small Message (5 rps),small,5_rps,132,104.505,5.991
Small Message (5 rps),small,5_rps,133,104.557,5.961
Small Message (5 rps),small,5_rps,134,106.288,5.845999999999999
Small Message (5 rps),small,5_rps,135,106.461,5.851
Small Message (5 rps),small,5_rps,136,102.419,6.208
Small Message (5 rps),small,5_rps,137,102.801,5.908
Small Message (5 rps),small,5_rps,138,105.95,6.193
Small Message (5 rps),small,5_rps,139,106.193,6.288
Small Message (5 rps),small,5_rps,140,106.406,6.176
Small Message (5 rps),small,5_rps,141,101.73400000000001,5.615
Small Message (5 rps),small,5_rps,142,102.635,5.956
Small Message (5 rps),small,5_rps,143,103.56400000000001,5.66
Small Message (5 rps),small,5_rps,144,105.16,6.394
Small Message (5 rps),small,5_rps,145,108.761,5.885
Small Message (5 rps),small,5_rps,146,101.773,5.773000000000001
Small Message (5 rps),small,5_rps,147,106.017,5.633
Small Message (5 rps),small,5_rps,148,107.85300000000001,5.912
Small Message (5 rps),small,5_rps,149,103.283,5.882
Small Message (5 rps),small,5_rps,150,102.566,5.981
Small Message (5 rps),small,5_rps,151,104.321,5.814
Small Message (5 rps),small,5_rps,152,103.187,5.774
Small Message (5 rps),small,5_rps,153,108.13300000000001,5.718
Small Message (5 rps),small,5_rps,154,105.22099999999999,5.938
Small Message (5 rps),small,5_rps,155,102.019,6.3309999999999995
Small Message (5 rps),small,5_rps,156,102.228,6.083
Small Message (5 rps),small,5_rps,157,101.872,5.872
Small Message (5 rps),small,5_rps,158,111.753,6.053
Small Message (5 rps),small,5_rps,159,105.65299999999999,5.705
Small Message (5 rps),small,5_rps,160,105.01599999999999,5.57
Small Message (5 rps),small,5_rps,161,104.107,5.759
Small Message (5 rps),small,5_rps,162,115.69200000000001,5.696
Small Message (5 rps),small,5_rps,163,115.60199999999999,9.042
Small Message (5 rps),small,5_rps,164,101.613,5.954
Small Message (5 rps),small,5_rps,165,103.272,5.341
Small Message (5 rps),small,5_rps,166,104.65299999999999,5.6579999999999995
Small Message (5 rps),small,5_rps,167,105.472,5.9430000000000005
Small Message (5 rps),small,5_rps,168,106.965,8.945
Small Message (5 rps),small,5_rps,169,106.58,6.309
Small Message (5 rps),small,5_rps,170,102.41300000000001,5.352
Small Message (5 rps),small,5_rps,171,100.645,5.720000000000001
Small Message (5 rps),small,5_rps,172,105.17899999999999,5.874
Small Message (5 rps),small,5_rps,173,104.437,6.122
Small Message (5 rps),small,5_rps,174,109.136,8.685
Small Message (5 rps),small,5_rps,175,103.657,6.234
Small Message (5 rps),small,5_rps,176,105.548,6.112
Small Message (5 rps),small,5_rps,177,103.63300000000001,5.587
Small Message (5 rps),small,5_rps,178,116.494,5.923
Small Message (5 rps),small,5_rps,179,110.129,6.284
Small Message (5 rps),small,5_rps,180,116.096,6.286
Small Message (5 rps),small,5_rps,181,104.887,6.345
Small Message (5 rps),small,5_rps,182,103.95,5.897
Small Message (5 rps),small,5_rps,183,103.754,5.930000000000001
Small Message (5 rps),small,5_rps,184,116.408,5.484
Small Message (5 rps),small,5_rps,185,107.93700000000001,5.928
Small Message (5 rps),small,5_rps,186,104.62599999999999,6.2940000000000005
Small Message (5 rps),small,5_rps,187,104.401,5.617
Small Message (5 rps),small,5_rps,188,101.802,5.816
Small Message (5 rps),small,5_rps,189,106.242,6.1739999999999995
Small Message (5 rps),small,5_rps,190,101.26,5.5120000000000005
Small Message (5 rps),small,5_rps,191,104.87,5.563000000000001
Small Message (5 rps),small,5_rps,192,102.05300000000001,6.015000000000001
Small Message (5 rps),small,5_rps,193,106.67699999999999,5.876
Small Message (5 rps),small,5_rps,194,102.18599999999999,5.485
Small Message (5 rps),small,5_rps,195,123.891,6.071
Small Message (5 rps),small,5_rps,196,101.15899999999999,5.906
Small Message (5 rps),small,5_rps,197,103.70400000000001,8.889
Small Message (5 rps),small,5_rps,198,102.66,6.053
Small Message (5 rps),small,5_rps,199,103.785,5.92
Small Message (5 rps),small,5_rps,200,105.09599999999999,6.325
Small Message (5 rps),small,5_rps,201,107.777,6.287
Small Message (5 rps),small,5_rps,202,105.09599999999999,6.0489999999999995
Small Message (5 rps),small,5_rps,203,111.85199999999999,6.165
Small Message (5 rps),small,5_rps,204,104.607,5.814
Small Message (5 rps),small,5_rps,205,109.016,8.645
Small Message (5 rps),small,5_rps,206,105.999,5.827999999999999
Small Message (5 rps),small,5_rps,207,104.174,6.215
Small Message (5 rps),small,5_rps,208,104.906,5.884
Small Message (5 rps),small,5_rps,209,103.123,6.34
Small Message (5 rps),small,5_rps,210,108.538,5.625
Small Message (5 rps),small,5_rps,211,103.37,5.524
Small Message (5 rps),small,5_rps,212,106.46700000000001,5.704
Small Message (5 rps),small,5_rps,213,106.239,5.33
Small Message (5 rps),small,5_rps,214,105.542,6.039
Small Message (5 rps),small,5_rps,215,109.102,5.473999999999999
Small Message (5 rps),small,5_rps,216,106.032,5.816
Small Message (5 rps),small,5_rps,217,107.14500000000001,6.199
Small Message (5 rps),small,5_rps,218,104.76599999999999,17.641000000000002
Small Message (5 rps),small,5_rps,219,102.263,5.718
Small Message (5 rps),small,5_rps,220,105.76,5.936
Small Message (5 rps),small,5_rps,221,111.276,5.62
Small Message (5 rps),small,5_rps,222,105.559,5.792000000000001
Small Message (5 rps),small,5_rps,223,104.059,5.668
Small Message (5 rps),small,5_rps,224,105.578,5.537
Small Message (5 rps),small,5_rps,225,106.102,5.481
Small Message (5 rps),small,5_rps,226,101.631,5.862
Small Message (5 rps),small,5_rps,227,102.752,6.086
Small Message (5 rps),small,5_rps,228,102.769,5.656
Small Message (5 rps),small,5_rps,229,103.252,6.339
Small Message (5 rps),small,5_rps,230,103.548,6.136
Small Message (5 rps),small,5_rps,231,104.885,6.196
Small Message (5 rps),small,5_rps,232,100.98899999999999,5.83
Small Message (5 rps),small,5_rps,233,107.693,5.714
Small Message (5 rps),small,5_rps,234,104.112,6.141
Small Message (5 rps),small,5_rps,235,102.006,6.358
Small Message (5 rps),small,5_rps,236,102.674,6.131
Small Message (5 rps),small,5_rps,237,112.02199999999999,9.15
Small Message (5 rps),small,5_rps,238,103.522,5.582
Small Message (5 rps),small,5_rps,239,115.523,6.184
Small Message (5 rps),small,5_rps,240,101.529,6.297
Small Message (5 rps),small,5_rps,241,110.17399999999999,5.842
Small Message (5 rps),small,5_rps,242,116.26400000000001,5.339
Small Message (5 rps),small,5_rps,243,107.916,5.502
Small Message (5 rps),small,5_rps,244,107.559,5.8999999999999995
Small Message (5 rps),small,5_rps,245,104.973,6.289999999999999
Small Message (5 rps),small,5_rps,246,100.417,6.37
Small Message (5 rps),small,5_rps,247,107.21,6.345
Small Message (5 rps),small,5_rps,248,104.907,5.767
